station_id,brand_id,town,postcode,lat,lon
RO.1003.8,PETROM,Bucuresti,13691,44.48775,26.07901
RO.1006.8,PETROM,Bucuresti,10583,44.45939,26.09507
RO.1007.8,PETROM,Bucuresti,14252,44.47959,26.09883
RO.1008.8,PETROM,Bucuresti,20941,44.4372,26.10484
RO.1009.8,PETROM,Bucuresti,50082,44.43328,26.09273
RO.1011.8,PETROM,Bucuresti,060786,44.44272,26.03619
RO.1012.8,PETROM,Bucuresti,20072,44.44797,26.10743
RO.1014.8,PETROM,Cimpeni,515500,46.3618,23.04885
RO.1015.8,PETROM,Bucuresti,010216,44.43465,26.08398
RO.1016.8,PETROM,Com. Ciolpani,77050,44.72755,26.10952
RO.1017.8,PETROM,Oras Buftea,70000,44.5753,25.9411
RO.1018.8,OMV,Oras Voluntari,077190,44.49187,26.18997
RO.1019.8,PETROM,Bucuresti,11057,44.45173,26.07372
RO.1023.8,PETROM,Bucuresti,23961,44.4371,26.11389
RO.1024.8,PETROM,com.Buchin,327055,45.36874,22.24042
RO.1025.8,PETROM,Iasi,700212,47.14915,27.57861
RO.1026.8,PETROM,Bucuresti,041334,44.3833,26.14748
RO.1028.8,PETROM,Bucuresti,21666,44.44099,26.19228
RO.1029.8,PETROM,Bucuresti,30184,44.42847,26.14002
RO.1031.8,PETROM,Bucuresti,41441,44.39133,26.10948
RO.1032.8,OMV,Bucuresti,030431,44.43318,26.16017
RO.1033.8,PETROM,Bucuresti,30445,44.41471,26.16501
RO.1034.8,PETROM,Bucuresti,40561,44.41177,26.09255
RO.1035.8,PETROM,Com. Jilava,77120,44.354844,26.085696
RO.1036.8,PETROM,Constanta,900016,44.13807,28.62064
RO.1038.8,PETROM,Timisoara,300291,45.47184,21.13169
RO.1039.8,OMV,Arad,310163,46.12941,21.31769
RO.1042.8,PETROM,Pantelimon,077145,44.45352,26.26202
RO.1043.8,PETROM,Bucuresti,051527,44.39766,26.04258
RO.1044.8,PETROM,Bucuresti,50099,44.43838,26.06949
RO.1045.8,PETROM,Bucuresti,51015,44.41777,26.05813
RO.1046.8,PETROM,Bucuresti,061533,44.42603,26.04762
RO.1049.8,PETROM,Bucuresti,61127,44.43482,25.9884
RO.1050.8,PETROM,Bucuresti,51901,44.40841,26.07621
RO.1051.8,PETROM,"Sat Cascioarele, Com. Gaiseni",087085,44.47955,25.67324
RO.1052.8,OMV,Bucuresti,12406,44.48835,26.01561
RO.1053.8,PETROM,Bucuresti,50341,44.38916,26.09179
RO.1055.8,PETROM,Bucuresti,50587,44.43097,26.07149
RO.1056.8,OMV,Oradea,410554,47.031391,21.991904
RO.1057.8,PETROM,Bucuresti,40172,44.42394,26.09524
RO.1059.8,OMV,Timisoara,300517,45.71266,21.19321
RO.1060.8,OMV,com. Ghiroda,307200,45.77637,21.30626
RO.1061.8,PETROM,Pantelimon,077145,44.482723,26.222358
RO.1062.8,OMV,Zalau,50125,47.22352,23.02042
RO.1065.8,OMV,Com. Domnesti,77090,44.41092,25.9731
RO.1067.8,OMV,Com. 1 Decembrie,77005,44.30155,26.06194
RO.1068.8,PETROM,Bucuresti,20282,44.45976,26.10695
RO.1069.8,PETROM,Bucuresti,60133,44.42633,26.05902
RO.1070.8,PETROM,Bucuresti,41454,44.38827,26.1101
RO.1071.8,PETROM,Com. Chitila,077046,44.4806,25.97085
RO.1072.8,PETROM,"Sat Jilava, Com.Jilava",077120,44.36273,26.08701
RO.1073.8,PETROM,Bucuresti,13219,44.48371,26.0452
RO.1074.8,PETROM,Bucuresti,30337,44.41154,26.12555
RO.1075.8,PETROM,Bucuresti,30312,44.41657,26.13517
RO.1076.8,OMV,Bucuresti,61127,44.43425,25.99546
RO.1077.8,OMV,Cluj Napoca,400581,46.78095,23.63159
RO.1079.8,PETROM,Cluj Napoca,400495,46.74003,23.59215
RO.1080.8,PETROM,Com. Baciu,407055,46.78578,23.54819
RO.1081.8,PETROM,Cluj Napoca,400268,46.78784,23.59692
RO.1083.8,PETROM,Cluj Napoca,400552,46.75361,23.5526
RO.1084.8,OMV,"sat Sintesti, com.Margina",307260,45.857756,22.247949
RO.1085.8,PETROM,Campia Turzii,405100,46.55013,23.89179
RO.1086.8,OMV,"sat Mihai Viteazu, Com.Mihai Viteazu",407405,46.53757,23.78356
RO.1087.8,PETROM,Huedin,405400,46.85585,23.04461
RO.1088.8,PETROM,Dej,405200,47.1507,23.8772
RO.1089.8,PETROM,Gherla,405300,47.02472,23.89512
RO.1090.8,OMV,Suceava,720262,47.63672,26.23788
RO.1091.8,PETROM,Suceava,720021,47.66567,26.2461
RO.1092.8,OMV,Suceava,720107,47.66791,26.29231
RO.1093.8,PETROM,Gura Humorului,725300,47.55267,25.90611
RO.1099.8,OMV,"Sat.Sadova, Com.Sadova",727470,47.5354,25.5036
RO.1100.8,PETROM,Vatra Dornei,725700,47.3476,25.3609
RO.1101.8,OMV,Miercurea Sibiului,557150,45.9005408,23.7639058
RO.1102.8,OMV,Miercurea Sibiului,557150,45.9009227,23.7590718
RO.1103.8,OMV,Otopeni,075100,44.5671,26.0703
RO.1104.8,OMV,Falticeni,725200,47.45127,26.29524
RO.1105.8,PETROM,"Sat Holda, Com.Brosteni",727075,47.2613,25.6871
RO.1108.8,PETROM,Radauti,725400,47.83358,25.93192
RO.1113.8,OMV,Botosani,710068,47.74937,26.64463
RO.1114.8,PETROM,Botosani,710370,47.72985,26.67214
RO.1119.8,PETROM,Dorohoi,715200,47.9392,26.4088
RO.1120.8,PETROM,Darabani,715100,48.18399,26.60206
RO.1121.8,PETROM,"Sat Maghera, Comuna Varfu Campului",717450,47.85694,26.30981
RO.1126.8,PETROM,Iasi,700624,47.14724,27.60578
RO.1127.8,OMV,Iasi,700012,47.15905,27.57381
RO.1130.8,PETROM,Iasi,700452,47.18855,27.56527
RO.1132.8,PETROM,Iasi,700065,47.16001,27.58136
RO.1134.8,PETROM,Iasi,700440,47.16953,27.55467
RO.1135.8,PETROM,Iasi,700547,47.17341,27.5349
RO.1136.8,OMV,Iasi,700280,47.13497,27.61009
RO.1139.8,PETROM,Targu Frumos,705300,47.21594,27.00854
RO.1140.8,OMV,Targu Frumos,705300,47.20628,27.01008
RO.1141.8,PETROM,Pascani,705200,47.24394,26.72384
RO.1142.8,PETROM,"Sat Badeni, Com. Scobinti",705100,47.41774,26.91998
RO.1145.8,OMV,Alexandru cel Bun,617505,46.94102,26.31603
RO.1146.8,PETROM,Piatra Neamt,610112,46.93261,26.37503
RO.1147.8,PETROM,Com. Savinesti,617410,46.86086,26.47001
RO.1148.8,PETROM,Oras Bicaz,615100,46.90594,26.108
RO.1150.8,PETROM,Targu Neamt,615200,47.19339,26.34525
RO.1153.8,PETROM,Piatra Neamt,610287,46.93694,26.37776
RO.1156.8,PETROM,Roman,611046,46.9571,26.91433
RO.1157.8,PETROM,Roman,611052,46.92478,26.90925
RO.1159.8,PETROM,Bacau,600352,46.59152,26.9116
RO.1160.8,PETROM,Bacau,600303,46.5251,26.92196
RO.1161.8,PETROM,Buhusi,605100,46.71496,26.69583
RO.1163.8,PETROM,Onesti,601061,46.24352,26.75572
RO.1167.8,PETROM,Moinesti,605400,46.48336,26.50274
RO.1168.8,PETROM,Comanesti,605200,46.40317,26.47712
RO.1173.8,OMV,Bacau,600308,46.54165,26.90267
RO.1176.8,OMV,Vaslui,730185,46.62975,27.73484
RO.1178.8,PETROM,Negresti,735200,46.83482,27.46582
RO.1181.8,PETROM,Barlad,731199,46.2013,27.6484
RO.1183.8,PETROM,"Sat Similia, Com.Zorleni",737635,46.26653,27.69086
RO.1186.8,PETROM,Husi,735100,46.66998,28.07855
RO.1187.8,PETROM,Risesti,737224,46.78209,28.13788
RO.1189.8,OMV,"Sat Sendreni, Com. Sendreni",807290,45.40961,27.93422
RO.1190.8,PETROM,Galati,800344,45.42146,28.02915
RO.1191.8,OMV,Galati,800179,45.47133,28.03431
RO.1192.8,PETROM,Tirgul Bujor,805200,45.85851,27.91528
RO.1193.8,OMV,Tecuci,805300,45.83935,27.43436
RO.1195.8,PETROM,Focsani,620034,45.70962,27.19772
RO.1196.8,PETROM,Focsani,620144,45.68052,27.18057
RO.1199.8,PETROM,Panciu,625400,45.90002,27.09505
RO.1201.8,PETROM,Marasesti,625200,45.86996,27.21047
RO.1202.8,OMV,Adjud,625100,46.0898,27.19035
RO.1203.8,PETROM,Buzau,120007,45.17062,26.81797
RO.1204.8,PETROM,Buzau,120370,45.12821,26.81059
RO.1205.8,OMV,Buzau,120271,45.13944,26.80288
RO.1206.8,PETROM,Buzau,120118,45.13164,26.85938
RO.1207.8,PETROM,Ramnicu Sarat,125300,45.39892,27.04654
RO.1208.8,PETROM,Patu00eerlagele,127430,45.32253,26.3582
RO.1209.8,PETROM,Buzau,120219,45.14343,26.82809
RO.1210.8,PETROM,Buzau,120154,45.15674,26.81093
RO.1215.8,PETROM,Filipesti,817156,45.10282,27.32982
RO.1216.8,PETROM,Braila,810022,45.2757,27.97649
RO.1224.8,PETROM,Com. Oprisenesti,815203,45.13427,27.53839
RO.1226.8,OMV,Braila,810295,45.25279,27.94569
RO.1227.8,PETROM,Braila,817026,45.2169,27.9234
RO.1228.8,PETROM,Braila,810396,45.2912,27.971800000000002
RO.1229.8,PETROM,Tulcea,820126,45.16353,28.79043
RO.1232.8,PETROM,Macin,825300,45.2472,28.1277
RO.1233.8,PETROM,Baia,827005,44.75439,28.687
RO.1234.8,PETROM,Babadag,825100,44.89146,28.71677
RO.1235.8,PETROM,Calarasi,910048,44.21537,27.30008
RO.1236.8,PETROM,Calarasi,910022,44.20454,27.3381
RO.1242.8,PETROM,Oltenita,915400,44.10808,26.63868
RO.1246.8,PETROM,Lehliu Gara,915300,44.44449,26.84707
RO.1247.8,PETROM,Cazanesti,927065,44.61509,27.02914
RO.1248.8,PETROM,Slobozia,920002,44.56311,27.3463
RO.1250.8,PETROM,Slobozia,920002,44.56901,27.3854
RO.1251.8,PETROM,Urziceni,925300,44.70946,26.62303
RO.1253.8,PETROM,Fetesti,925100,44.40599,27.83032
RO.1254.8,PETROM,Tandarei,925200,44.64266,27.67802
RO.1255.8,PETROM,Ploiesti,100520,44.91057,26.03721
RO.1256.8,PETROM,"Sat Blejoi, Com. Blejoi",107070,44.96815,25.96256
RO.1257.8,PETROM,Ploiesti,100189,44.95696,26.05111
RO.1260.8,PETROM,Valenii de Munte,106400,45.20132,26.04378
RO.1263.8,OMV,Campina,105600,45.11956,25.74013
RO.1266.8,PETROM,BUSTENI,105500,45.38408,25.53718
RO.1267.8,OMV,"Sat Ungureni, Comuna Vadu Su0103pat",107243,44.99931,26.42987
RO.1268.8,OMV,com. Cornu,107175,45.18596,25.6799
RO.1269.8,PETROM,"Sat Potigrafu, Com.Gorgota",107280,44.7938,26.09279
RO.1270.8,PETROM,Ploiesti,100298,44.94107,25.99071
RO.1271.8,PETROM,Baicoi,105200,45.03599,25.84361
RO.1272.8,PETROM,Ploiesti,100379,44.95616,26.0077
RO.1283.8,PETROM,Sinaia,106100,45.3546,25.55357
RO.1287.8,PETROM,Com. Razvad,137395,44.93619,25.52864
RO.1289.8,PETROM,Moreni,135300,44.9812,25.6469
RO.1290.8,PETROM,Pucioasa,135400,45.07952,25.42848
RO.1293.8,PETROM,Targoviste,130087,44.91276,25.45118
RO.1295.8,PETROM,Com. Voinesti,137525,45.02567,25.16158
RO.1298.8,PETROM,Titu,135500,44.65381,25.54503
RO.1299.8,PETROM,Com. Tartasesti,137436,44.58946,25.79229
RO.1300.8,PETROM,Gaesti,135200,44.72835,25.30049
RO.1302.8,PETROM,"Sat Bujoreanca, Com. Cornesti",137151,44.72833,25.89204
RO.1303.8,PETROM,Com. Crevedia,137180,44.5925,25.9214
RO.1304.8,OMV,Bistrita,420155,47.1192,24.4703
RO.1305.8,PETROM,Bistrita,420006,47.10889,24.45498
RO.1307.8,PETROM,Nasaud,425200,47.28476,24.4228
RO.1314.8,PETROM,Targu Jiu,210103,45.07602,23.30245
RO.1315.8,PETROM,Targu Jiu,210156,45.02543,23.27718
RO.1316.8,PETROM,Targu Jiu,210118,45.02389,23.45019
RO.1317.8,PETROM,Rovinari,215400,44.9024,23.15488
RO.1318.8,PETROM,Motru,215200,44.7999,22.97822
RO.1319.8,OMV,Targu Jiu,210235,45.0275,23.2685
RO.1320.8,PETROM,Targu Jiu,210149,45.03832,23.30103
RO.1322.8,PETROM,Alimpesti,217015,45.15208,23.78969
RO.1323.8,PETROM,Tg. Carbunesti,215500,44.94994,23.51358
RO.1324.8,OMV,Alexandria,140010,43.97843,25.31452
RO.1326.8,PETROM,"Sat Poroschia, Com. Poroschia",147280,43.94934,25.35036
RO.1329.8,PETROM,Tatarasti de Sus,147400,44.4087,25.1247
RO.1330.8,PETROM,Alexandria,140073,43.97792,25.35162
RO.1332.8,PETROM,Rosiori de Vede,145100,44.11356,24.99441
RO.1334.8,OMV,Turnu Magurele,145200,43.75967,24.87697
RO.1336.8,PETROM,Zimnicea,145400,43.6602,25.3618
RO.1337.8,PETROM,Videle,145300,44.27999,25.525
RO.1338.8,PETROM,Pitesti,110133,44.86789,24.88337
RO.1339.8,PETROM,Com. Bascov,117045,44.88968,24.82256
RO.1340.8,PETROM,"Sat Geamana, Com. Bradu",117140,44.8316,24.88371
RO.1341.8,PETROM,Pitesti,110040,44.8524,24.88562
RO.1342.8,PETROM,Curtea de Arges,115300,45.13232,24.6752
RO.1343.8,PETROM,Com. Slobozia,117660,44.5337,25.2388
RO.1344.8,PETROM,Leordeni,117410,44.78934,25.13741
RO.1345.8,PETROM,Campulung,115100,45.24615,25.02662
RO.1346.8,PETROM,Campulung,115100,45.29013,25.06459
RO.1347.8,PETROM,Campulung,115100,45.2654,25.03896
RO.1348.8,PETROM,Curtea de Arges,115300,45.10631,24.66973
RO.1350.8,PETROM,Costesti,115200,44.666789000986,24.87795814031
RO.1351.8,OMV,Mioveni,115400,44.95054,24.92626
RO.1352.8,PETROM,"Sat Caldararu, Com. Caldararu",117190,44.44465,24.96093
RO.1353.8,PETROM,"Sat Mavrodol, Com. Ratesti",117610,44.70061,25.22885
RO.1354.8,PETROM,"Sat Cateasca, Com. Cateasca",117220,44.75531,25.08244
RO.1355.8,PETROM,Com. Rucar,117630,45.39301,25.17627
RO.1356.8,PETROM,Curtea de Arges,115300,45.14949,24.67719
RO.1357.8,OMV,Slatina,230048,44.44354,24.37724
RO.1358.8,PETROM,Slatina,230033,44.43352,24.37398
RO.1359.8,PETROM,Slatina,230038,44.42503,24.35152
RO.1362.8,PETROM,Caracal,235200,44.11966,24.35138
RO.1363.8,PETROM,Caracal,235200,44.1169,24.3851
RO.1365.8,PETROM,Corabia,235300,43.77275,24.48771
RO.1366.8,PETROM,"Com. Tia Mare, Sat Potlogeni",237480,43.88434,24.62872
RO.1367.8,PETROM,Bals,235100,44.3455,24.13608
RO.1370.8,OMV,Ramnicu Valcea,240011,45.08,24.3522
RO.1372.8,PETROM,Brezoi,245500,45.33132,24.27661
RO.1373.8,OMV,"Sat Tepsenari, Com. Milcoiu",247395,45.02533,24.48941
RO.1375.8,OMV,Horezu,245800,45.14439,23.98891
RO.1376.8,PETROM,Ramnicu Valcea,240307,45.10528,24.37513
RO.1378.8,PETROM,Ramnicu Valcea,240451,45.10483,24.37826
RO.1379.8,PETROM,"Sat Tutulesti, Com. Racovita",247530,45.40183,24.29828
RO.1382.8,PETROM,Dragasani,245700,44.625,24.2689
RO.1383.8,PETROM,Balcesti,245400,44.6346,23.94267
RO.1385.8,PETROM,"Sat Munteni, Com. Mihaesti",247375,44.99039,24.25514
RO.1387.8,OMV,Craiova,200222,44.33775,23.76577
RO.1388.8,OMV,Craiova,200515,44.3127,23.85847
RO.1390.8,PETROM,Craiova,200130,44.32195,23.79654
RO.1391.8,PETROM,Craiova,200745,44.30721,23.80553
RO.1392.8,PETROM,Craiova,200340,44.307,23.80546
RO.1396.8,PETROM,Craiova,200199,44.32921,23.76076
RO.1398.8,PETROM,Craiova,200769,44.3484,23.7564
RO.1399.8,PETROM,Craiova,200646,44.32657,23.81955
RO.1400.8,PETROM,Craiova,200738,44.2912,23.79893
RO.1401.8,PETROM,Craiova,200749,44.2995,23.82793
RO.1403.8,PETROM,Bechet,207060,43.78438,23.96906
RO.1404.8,PETROM,Segarcea,205400,44.10607,23.74271
RO.1407.8,PETROM,Bailesti,205100,44.03432,23.35274
RO.1410.8,PETROM,Filiasi,205300,44.5561,23.512
RO.1413.8,PETROM,Drobeta Turnu Severin,220235,44.62413,22.63156
RO.1416.8,OMV,Drobeta Turnu Severin,220236,44.62975,22.68622
RO.1418.8,PETROM,Drobeta Turnu Severin,220041,44.63851,22.65673
RO.1419.8,PETROM,Vanju Mare,225400,44.42693,22.85221
RO.1420.8,PETROM,Cujmir,227150,44.2171,22.9239
RO.1421.8,PETROM,Baia de Arama,225100,44.9971,22.81591
RO.1425.8,PETROM,Orsova,225200,44.7253,22.3924
RO.1427.8,PETROM,Sfantu Gheorghe,520077,45.85814,25.80698
RO.1428.8,PETROM,Sfantu Gheorghe,520014,45.87133,25.78919
RO.1429.8,PETROM,Baraolt,525100,46.07153,25.58778
RO.1430.8,PETROM,Intorsura Buzaului,525300,45.66688,26.05576
RO.1431.8,PETROM,Reci,527145,45.85149,25.91071
RO.1433.8,PETROM,Tu00e2rgu Secuiesc,525400,45.99509,26.12169
RO.1434.8,PETROM,Covasna,525200,45.8435,26.15812
RO.1437.8,OMV,Miercurea Ciuc,530141,46.32783,25.82218
RO.1438.8,PETROM,Miercurea Ciuc,530110,46.35423,25.80284
RO.1439.8,PETROM,Miercurea Ciuc,530240,46.38231,25.79924
RO.1440.8,PETROM,Baile Tusnad,535100,46.15013,25.86072
RO.1443.8,PETROM,Toplita,535700,46.92589,25.35648
RO.1444.8,PETROM,Borsec,535300,46.96059,25.54683
RO.1446.8,PETROM,Gheorgheni,535500,46.72799,25.58164
RO.1449.8,PETROM,Odorheiu Secuiesc,535600,46.29873,25.28849
RO.1450.8,PETROM,Cristuru Secuiesc,535400,46.28243,25.0188
RO.1451.8,PETROM,Odorheiu Secuiesc,535600,46.3304,25.33449
RO.1454.8,PETROM,Tirgu Mures,540327,46.55136,24.56522
RO.1455.8,OMV,Tirgu Mures,540509,46.5258,24.6004
RO.1456.8,PETROM,Tirgu Mures,540237,46.51508,24.51706
RO.1458.8,PETROM,Luncani,407362,46.46306,23.96144
RO.1460.8,PETROM,Sighisoara,545400,46.22284,24.78799
RO.1461.8,PETROM,Albesti,547025,46.22296,24.78812
RO.1462.8,PETROM,Sovata,545500,46.58,25.04905
RO.1466.8,PETROM,Iernut,545100,46.44829,24.24292
RO.1467.8,PETROM,Reghin,545300,46.76025,24.7135
RO.1468.8,PETROM,Reghin,545300,46.779799,24.707425
RO.1469.8,PETROM,Brasov,500053,45.66114,25.57129
RO.1470.8,PETROM,Brasov,500271,45.63953,25.61747
RO.1471.8,PETROM,Brasov,500301,45.61708,25.64613
RO.1472.8,OMV,Sacele,505600,45.60948,25.65801
RO.1474.8,OMV,Codlea,505100,45.70474,25.45142
RO.1475.8,PETROM,Predeal,505300,45.50299,25.57417
RO.1476.8,OMV,Rasnov,505400,45.58873,25.45474
RO.1477.8,PETROM,Brasov,500222,45.67343,25.64477
RO.1478.8,PETROM,Brasov,500182,45.67918,25.5862
RO.1480.8,PETROM,"Timisu de Jos, Oras Predeal",505302,45.57382,25.61458
RO.1483.8,OMV,Fagaras,505200,45.84046,24.98703
RO.1484.8,PETROM,Victoria,505700,45.72444,24.69954
RO.1486.8,PETROM,Rupea,505500,46.01443,25.27526
RO.1487.8,OMV,Brad,335200,46.11295,22.7873
RO.1488.8,PETROM,Dobra,337215,45.90795,22.5816
RO.1489.8,PETROM,Deva,330141,45.89182,22.89834
RO.1490.8,PETROM,Deva,330004,45.85744,22.94581
RO.1491.8,PETROM,Deva,330182,45.86685,22.92216
RO.1492.8,PETROM,Deva,330030,45.87688,22.90106
RO.1493.8,PETROM,Simeria,335904,45.83496,23.0358
RO.1495.8,PETROM,Hateg,335500,45.6157,22.95642
RO.1497.8,PETROM,Hunedoara,331004,45.79329,22.91891
RO.1499.8,PETROM,Hunedoara,331078,45.75158,22.90027
RO.1500.8,PETROM,Orastie,335700,45.86285,23.21897
RO.1501.8,PETROM,Petrosani,332071,45.37438,23.36727
RO.1502.8,PETROM,Vulcan,336200,45.37492,23.30127
RO.1503.8,OMV,Resita,320232,45.30636,21.87924
RO.1505.8,PETROM,Bocsa,325300,45.38013,21.73958
RO.1506.8,PETROM,Resita,320167,45.31995,21.88782
RO.1508.8,OMV,Caransebes,325400,45.42845,22.19635
RO.1511.8,PETROM,Otelu Rosu,325700,45.508,22.341
RO.1512.8,PETROM,Mehadia,327270,44.8865,22.3816
RO.1513.8,PETROM,Moldova Noua,325500,44.72193,21.6272
RO.1514.8,PETROM,Oravita,325600,45.0395,21.6814
RO.1525.8,PETROM,Jimbolia,305400,45.7941,20.7324
RO.1529.8,PETROM,Lugoj,305500,45.68716,21.91092
RO.1530.8,PETROM,Lugoj,305500,45.67362,21.9153
RO.1531.8,PETROM,Sannicolau Mare,305600,46.06687,20.6436
RO.1532.8,PETROM,Sannicolau Mare,305600,46.0818,20.61985
RO.1536.8,OMV,Timisoara,300553,45.74802,21.24321
RO.1537.8,PETROM,Timisoara,300109,45.75309,21.25483
RO.1538.8,PETROM,Cornesti,307307,45.91261,21.20281
RO.1539.8,PETROM,Dumbravita,307160,45.78857,21.2373
RO.1540.8,PETROM,Timisoara,300772,45.72985,21.21977
RO.1541.8,PETROM,Sag,307395,45.65485,21.17327
RO.1542.8,PETROM,Timisoara,300668,45.77465,21.21395
RO.1544.8,PETROM,Arad,310137,46.18464,21.32592
RO.1545.8,OMV,Arad,310229,46.14043,21.32073
RO.1546.8,PETROM,Arad,310318,46.17486,21.36755
RO.1547.8,OMV,Arad,310451,46.20108,21.28162
RO.1548.8,PETROM,Arad,310208,46.19447,21.33483
RO.1552.8,PETROM,Arad,310429,46.1876,21.30173
RO.1553.8,OMV,Arad,310208,46.21002,21.34991
RO.1559.8,OMV,Nadlac,315500,46.16657,20.72356
RO.1560.8,PETROM,Arad,315500,46.20433,21.20816
RO.1561.8,PETROM,Arad,315500,46.20572,21.19016
RO.1562.8,PETROM,Pancota,315600,46.32506,21.68848
RO.1563.8,PETROM,Ineu,315300,46.4222,21.83979
RO.1564.8,PETROM,Sebis,315700,46.37193,22.12153
RO.1566.8,PETROM,Chisineu Cris,315100,46.5081,21.50689
RO.1568.8,PETROM,Varsand,317256,46.60448,21.35123
RO.1570.8,PETROM,Lipova,315400,46.08951,21.69165
RO.1575.8,OMV,Alba Iulia,510193,46.08987,23.59382
RO.1576.8,PETROM,Alba Iulia,510174,46.08087,23.57468
RO.1577.8,PETROM,Teius,515900,46.21709,23.67925
RO.1578.8,PETROM,Blaj,515400,46.1691,23.94509
RO.1580.8,PETROM,Sebes,515800,45.95506,23.57828
RO.1582.8,PETROM,Cugir,515600,45.84888,23.36084
RO.1587.8,PETROM,Oradea,410605,47.07541,21.90421
RO.1588.8,OMV,Oradea,410553,47.04103,21.97519
RO.1590.8,PETROM,Oradea,410067,47.05108,21.93441
RO.1591.8,PETROM,Oradea,410009,47.06557,21.92886
RO.1593.8,PETROM,Bors,417075,47.11758,21.79765
RO.1594.8,PETROM,Bors,417075,47.11673,21.79806
RO.1596.8,OMV,Alesd,415100,47.05958,22.38254
RO.1597.8,PETROM,Beius,415200,46.66959,22.33642
RO.1600.8,PETROM,Valea lui Mihai,415700,47.51457,22.13739
RO.1601.8,OMV,Salonta,415500,46.80342,21.64765
RO.1602.8,PETROM,Vascau,415800,46.46861,22.48438
RO.1604.8,OMV,Zalau,450135,47.19815,23.05816
RO.1605.8,PETROM,Zalau,450067,47.18974,23.06498
RO.1606.8,PETROM,Simleu Silvaniei,455300,47.2297,22.8146
RO.1607.8,PETROM,Jibou,455200,47.25725,23.25621
RO.1608.8,PETROM,Cehu Silvaniei,455100,47.40622,23.16237
RO.1609.8,PETROM,Ileanda,457190,47.33315,23.63305
RO.1610.8,PETROM,Crasna,457085,47.1629,22.8721
RO.1612.8,OMV,Sibiu,550331,45.78268,24.16573
RO.1613.8,PETROM,Sibiu,550089,45.81765,24.15012
RO.1614.8,PETROM,Sibiu,550052,45.79276,24.13308
RO.1618.8,PETROM,Com. Selimbar,557263,45.6999,24.2497
RO.1619.8,PETROM,Agnita,555100,45.98276,24.64258
RO.1620.8,PETROM,Medias,551118,46.15228,24.33276
RO.1621.8,PETROM,Copsa Mica,555400,46.11435,24.23324
RO.1624.8,PETROM,Baia Mare,430231,47.64521,23.57082
RO.1625.8,OMV,Baia Mare,430013,47.64604,23.53238
RO.1626.8,PETROM,Baia Mare,430322,47.66291,23.58324
RO.1627.8,PETROM,Baia Mare,430341,47.66315,23.60688
RO.1630.8,PETROM,Targu Lapus,435600,47.4554,23.84017
RO.1632.8,PETROM,Tauti Magheraus,437345,47.67189,23.42379
RO.1634.8,PETROM,Sighetu Marmatiei,435500,47.92152,23.91211
RO.1636.8,PETROM,Viseu de Sus,435700,47.69165,24.44784
RO.1637.8,OMV,Borsa,435200,47.64993,24.68688
RO.1638.8,PETROM,Satu Mare,440101,47.79836,22.89931
RO.1639.8,PETROM,Negresti Oas,445200,47.86021,23.41633
RO.1640.8,PETROM,Satu Mare,440075,47.80523,22.88631
RO.1641.8,PETROM,Satu Mare,440217,47.78178,22.87629
RO.1642.8,OMV,Satu Mare,440237,47.76279,22.88304
RO.1643.8,PETROM,Satu Mare,440061,47.79809,22.8659
RO.1644.8,OMV,Satu Mare,440110,47.80781,22.91633
RO.1645.8,PETROM,"Sat Iojib, Com. Mediesu Aurit",447187,47.80412,23.16752
RO.1646.8,PETROM,Petea,447133,47.85062,22.78329
RO.1649.8,PETROM,Livada,447180,47.8701,23.0988
RO.1651.8,PETROM,Carei,445100,47.67844,22.46471
RO.1652.8,PETROM,Tasnad,445300,47.48777,22.57611
RO.1653.8,OMV,Giurgiu,080307,43.91852,25.97298
RO.1656.8,PETROM,Giurgiu,80307,43.90571,25.97139
RO.1657.8,PETROM,Com. Ghimpati,87095,44.20418,25.79154
RO.1659.8,PETROM,Giurgiu,80196,43.90817,25.98629
RO.1660.8,PETROM,Giurgiu,80196,43.90768,25.98569
RO.1666.8,OMV,Constanta,900111,44.1578,28.6282
RO.1667.8,PETROM,Constanta,900497,44.20399,28.62072
RO.1668.8,PETROM,Constanta,900552,44.21305,28.64215
RO.1669.8,PETROM,Eforie Nord,905350,44.0727,28.62815
RO.1670.8,PETROM,Constanta,900330,44.20463,28.6114
RO.1671.8,OMV,Constanta,900463,44.21675,28.62716
RO.1673.8,PETROM,Constanta,900316,44.16867,28.57397
RO.1674.8,PETROM,Medgidia,905600,44.26575,28.25772
RO.1675.8,PETROM,Cernavoda,905200,44.34096,28.03201
RO.1677.8,PETROM,Baneasa,907035,44.068600000000004,27.6932
RO.1678.8,OMV,Hirsova,905400,44.69077,27.96831
RO.1679.8,PETROM,Mangalia,905500,43.8181,28.5831
RO.1681.8,PETROM,Neptun,905550,43.86156,28.57527
RO.1682.8,PETROM,Negru Voda,905800,43.8218,28.2178
RO.1683.8,OMV,Alexandria,140057,43.977214,25.332378
RO.1685.8,OMV,Otopeni,075100,44.527,26.04095
RO.1686.8,OMV,Bucuresti,013603,44.53129,26.05719
RO.1688.8,PETROM,"com. Albota, sat Albota",117030,44.8192,24.8745
RO.1696.8,OMV,Strehaia,225300,44.61858,23.22566
RO.1710.8,PETROM,Julita,317382,46.02409,22.13595
RO.1722.8,OMV,Focsani,620177,45.67805,27.18846
RO.1729.8,OMV,Pitesti,110101,44.88224,24.83389
RO.1730.8,OMV,Constanta,900581,44.21445,28.64259
RO.1733.8,PETROM,Siret,725500,47.98207,26.06365
RO.1734.8,PETROM,Com. Poiana Teiului,617340,47.09188,25.95652
RO.1738.8,PETROM,Deva,330182,45.88486,22.90837
RO.1739.8,PETROM,Timisoara,300516,45.71827,21.19604
RO.1740.8,PETROM,Timisoara,300642,45.76788,21.22188
RO.1742.8,PETROM,Alba Iulia,510164,46.05739,23.57356
RO.1743.8,PETROM,Sibiu,550018,45.79359,24.13015
RO.1744.8,PETROM,Com. Afumati,77010,44.500737,26.20863
RO.1745.8,PETROM,Bucuresti,061444,44.4191,26.03498
RO.1747.8,PETROM,Bucuresti,31282,44.42079,26.12573
RO.1748.8,PETROM,Bucuresti,22317,44.46624,26.1475
RO.1749.8,PETROM,Bucuresti,51856,44.40774,26.07802
RO.1750.8,PETROM,Bucuresti,60783,44.44392,26.03607
RO.1751.8,PETROM,Bucuresti,41451,44.39142,26.1096
RO.1752.8,PETROM,Bucuresti,30507,44.43654,26.16919
RO.1754.8,PETROM,Bucuresti,30441,44.4143,26.16378
RO.1755.8,PETROM,Bucuresti,61328,44.42854,26.04608
RO.1756.8,OMV,Bucuresti,30335,44.4113,26.12737
RO.1757.8,PETROM,Bucuresti,50883,44.42102,26.07473
RO.1758.8,PETROM,Bacau,600178,46.55021,26.92189
RO.1760.8,PETROM,Constanta,900082,44.14333,28.62362
RO.1761.8,PETROM,Constanta,900553,44.20277,28.63438
RO.1762.8,PETROM,Baia Mare,430171,47.64952,23.54973
RO.1763.8,PETROM,Satu Mare,440157,47.78434,22.85304
RO.1765.8,PETROM,Oradea,410140,47.08751,21.91273
RO.1766.8,PETROM,Brasov,500299,45.63324,25.6345
RO.1767.8,PETROM,Craiova,200746,44.29899,23.83149
RO.1770.8,OMV,Predeal,505300,45.47953,25.56467
RO.1777.8,PETROM,Piatra Neamt,610201,46.89979,26.41671
RO.1778.8,OMV,Otopeni,075100,44.53929,26.09512
RO.1779.8,PETROM,Com. Afumati,77010,44.50536,26.21743
RO.1780.8,OMV,Com. Balotesti,077015,44.59354,26.07059
RO.1782.8,PETROM,Oarda,510003,46.03285,23.55363
RO.1783.8,OMV,Com. Albota,117030,44.79177,24.8589
RO.1784.8,PETROM,Arad,310163,46.21531,21.29176
RO.1785.8,PETROM,Faget,305300,45.84946,22.16818
RO.1790.8,PETROM,Tulcea,820226,45.17541,28.75674
RO.1792.8,OMV,Constanta,900498,44.174,28.59484
RO.1793.8,PETROM,Com. Palazu Mare,900002,44.22347,28.59473
RO.1796.8,PETROM,Com. Gurasada,337245,45.94849,22.57643
RO.1798.8,PETROM,Craiova,200653,44.31311,23.78833
RO.1799.8,PETROM,Ramnicu Valcea,240636,45.13103,24.36375
RO.1827.8,PETROM,Nadlac,315500,46.16095,20.75946
RO.1856.8,OMV,Targoviste,130154,44.91236,25.47448
RO.1857.8,PETROM,Com. Simian,227445,44.587551,22.7378457
RO.1858.8,OMV,Reghin,545300,46.76696,24.68038
RO.1883.8,OMV,Com. Perisoru,917195,44.39866,27.45238
RO.1884.8,OMV,Com. Perisoru,917195,44.39815,27.45226
RO.1885.8,PETROM,A2 LEHLIU GARA,915300,44.42977,26.89571
RO.1886.8,PETROM,A2 LEHLIU GARA,915300,44.42891,26.89478
RO.1887.8,OMV,Alba Iulia,510065,46.07919,23.56441
RO.1888.8,OMV,Arad,310150,46.18535,21.31599
RO.1890.8,OMV,"Com. Vanatorii Mici, Sat IZVORU",087250,44.53306,25.53255
RO.1891.8,OMV,Bacau,600220,46.57443,26.90117
RO.1892.8,OMV,Baia Mare,430071,47.65472,23.53069
RO.1893.8,PETROM,Baia Mare,430122,47.65998,23.56647
RO.1894.8,OMV,Bistrita,420096,47.14168,24.50705
RO.1895.8,PETROM,Botosani,710012,47.75293,26.6405
RO.1896.8,OMV,Braila,810322,45.241,27.93146
RO.1897.8,OMV,Brasov,500053,45.66053,25.56943
RO.1898.8,OMV,Brasov,500203,45.65998,25.61576
RO.1899.8,OMV,Brasov,500173,45.65119,25.60386
RO.1900.8,OMV,Bucuresti,014286,44.49218,26.08754
RO.1901.8,OMV,Bucuresti,051542,44.40085,26.05079
RO.1902.8,OMV,Bucuresti,041312,44.40239,26.09777
RO.1903.8,OMV,Bucuresti,041902,44.38993,26.12464
RO.1904.8,OMV,Bucuresti,012358,44.49434,26.03144
RO.1905.8,OMV,Bucuresti,030606,44.43135,26.11016
RO.1906.8,OMV,Bucuresti,021197,44.47787,26.16408
RO.1907.8,OMV,Bucuresti,040514,44.42023,26.08844
RO.1908.8,OMV,Bucuresti,021901,44.44293,26.15091
RO.1909.8,OMV,Bucuresti,010751,44.4469,26.07625
RO.1910.8,OMV,Bucuresti,040667,44.37265,26.09031
RO.1911.8,OMV,Bucuresti,023721,44.45555,26.1208
RO.1912.8,OMV,Bucuresti,061342,44.43838,26.05665
RO.1913.8,OMV,Voluntari,077190,44.49314,26.12659
RO.1914.8,OMV,Bucuresti,050912,44.41439,26.07554
RO.1915.8,OMV,Bucuresti,061333,44.42527,26.01369
RO.1916.8,PETROM,Buzau,120164,45.15565,26.81854
RO.1917.8,OMV,Buzau,120020,45.16964,26.81997
RO.1918.8,OMV,Calimanesti,245600,45.27749,24.30704
RO.1919.8,OMV,"Sat Luna de Sus, Com. Floresti",407280,46.75056,23.43075
RO.1920.8,OMV,Cluj Napoca,400509,46.75865,23.54962
RO.1921.8,OMV,Cluj Napoca,400609,46.77801,23.61535
RO.1922.8,OMV,Cluj Napoca,400495,46.7446,23.59162
RO.1923.8,PETROM,Cluj Napoca,400396,46.78079,23.67193
RO.1924.8,OMV,Constanta,900075,44.16187,28.60383
RO.1925.8,OMV,Constanta,900514,44.20301,28.62302
RO.1926.8,OMV,Craiova,200188,44.32835,23.7763
RO.1927.8,OMV,Craiova,200446,44.31399,23.83081
RO.1928.8,OMV,Dej,405200,47.11665,23.89376
RO.1929.8,OMV,Deva,330182,45.87548,22.91574
RO.1930.8,OMV,Drobeta Turnu Severin,220056,44.63978,22.66369
RO.1931.8,OMV,Galati,800259,45.41668,28.00555
RO.1932.8,OMV,Hunedoara,331023,45.76269,22.90247
RO.1933.8,OMV,Iasi,700733,47.14054,27.57916
RO.1934.8,OMV,Iasi,700547,47.17386,27.53844
RO.1935.8,OMV,Lugoj,305500,45.69768,21.89718
RO.1936.8,OMV,Oradea,410277,47.06995,21.90332
RO.1937.8,OMV,Oradea,410214,47.0592,21.91723
RO.1938.8,OMV,Petrosani,332058,45.3908,23.37338
RO.1939.8,OMV,Piatra Neamt,610249,46.93778,26.38889
RO.1940.8,OMV,Pitesti,110133,44.86736,24.884
RO.1941.8,OMV,Pitesti,110181,44.82527,24.91514
RO.1942.8,OMV,Ploiesti,100072,44.95813,25.9865
RO.1943.8,OMV,Ploiesti,100238,44.92884,25.99192
RO.1944.8,PETROM,Ramnicu Valcea,240011,45.08709,24.35854
RO.1945.8,OMV,Ramnicu Valcea,240227,45.11584,24.36367
RO.1946.8,OMV,Roman,611124,46.93559,26.92076
RO.1947.8,OMV,Satu Mare,440034,47.78898,22.88848
RO.1949.8,OMV,Sibiu,550018,45.78945,24.08592
RO.1950.8,PETROM,Sighetu Marmatiei,435500,47.92787,23.8956
RO.1951.8,OMV,Sighisoara,545400,46.2266,24.8101
RO.1952.8,OMV,Simeria,335900,45.84512,23.00771
RO.1953.8,OMV,Slatina,230127,44.4363,24.37137
RO.1954.8,PETROM,Suceava,720018,47.65928,26.26498
RO.1955.8,OMV,Targoviste,130141,44.91072,25.48656
RO.1956.8,OMV,Tirgu Mures,540146,46.53126,24.5493
RO.1957.8,OMV,Tirgu Mures,547530,46.59139,24.62389
RO.1958.8,OMV,Timisoara,300579,45.7419,21.2384
RO.1959.8,OMV,Timisoara,300158,45.75034,21.20978
RO.1960.8,OMV,Timisoara,300291,45.7813,21.22013
RO.1961.8,OMV,Timisoara,300181,45.73917,21.21059
RO.1962.8,OMV,Timisoara,300278,45.7697,21.23086
RO.1963.8,PETROM,Zalau,450099,47.2149,23.04204
RO.1966.8,OMV,Calarasi,917215,44.44347,26.68059
RO.1967.8,OMV,Calarasi,917215,44.44243,26.67989
RO.1968.8,OMV,Brasov,500483,45.69349,25.5864
RO.1969.8,OMV,"Loc. Sub Coasta, Com. Apahida",407043,46.79804,23.71679
RO.1974.8,PETROM,Calafat,205200,43.99456,22.94902
RO.1975.8,PETROM,Bucuresti,013337,44.49395,26.06303
RO.1986.8,PETROM,Lugoj,305500,45.72114,21.89674
RO.1997.8,OMV,Timisoara,300134,45.76501,21.26028
